-- phpMyAdmin SQL Dump
-- version 4.8.3
-- https://www.phpmyadmin.net/
--
-- Host: 127.0.0.1
-- Generation Time: Jan 03, 2019 at 03:15 PM
-- Server version: 10.1.36-MariaDB
-- PHP Version: 7.2.11

SET SQL_MODE = "NO_AUTO_VALUE_ON_ZERO";
SET AUTOCOMMIT = 0;
START TRANSACTION;
SET time_zone = "+00:00";


/*!40101 SET @OLD_CHARACTER_SET_CLIENT=@@CHARACTER_SET_CLIENT */;
/*!40101 SET @OLD_CHARACTER_SET_RESULTS=@@CHARACTER_SET_RESULTS */;
/*!40101 SET @OLD_COLLATION_CONNECTION=@@COLLATION_CONNECTION */;
/*!40101 SET NAMES utf8mb4 */;

--
-- Database: `db_tabulationdb`
--

-- --------------------------------------------------------

--
-- Table structure for table `pre_elimination`
--

CREATE TABLE `pre_elimination` (
  `id` int(11) NOT NULL,
  `can_no` int(11) DEFAULT NULL,
  `a1` decimal(11,2) DEFAULT NULL,
  `b1` decimal(11,2) DEFAULT NULL,
  `c1` decimal(11,2) DEFAULT NULL,
  `a2` decimal(11,2) DEFAULT NULL,
  `b2` decimal(11,2) DEFAULT NULL,
  `c2` decimal(11,2) DEFAULT NULL,
  `a3` decimal(11,2) DEFAULT NULL,
  `b3` decimal(11,2) DEFAULT NULL,
  `c3` decimal(11,2) DEFAULT NULL,
  `a4` decimal(11,2) DEFAULT NULL,
  `b4` decimal(11,2) DEFAULT NULL,
  `c4` decimal(11,2) DEFAULT NULL,
  `a5` decimal(11,2) DEFAULT NULL,
  `b5` decimal(11,2) DEFAULT NULL,
  `c5` decimal(11,2) DEFAULT NULL,
  `a6` decimal(11,2) DEFAULT NULL,
  `b6` decimal(11,2) DEFAULT NULL,
  `c6` decimal(11,2) DEFAULT NULL,
  `a7` decimal(11,2) DEFAULT NULL,
  `b7` decimal(11,2) DEFAULT NULL,
  `c7` decimal(11,2) DEFAULT NULL,
  `a8` decimal(11,2) DEFAULT NULL,
  `b8` decimal(11,2) DEFAULT NULL,
  `c8` decimal(11,2) DEFAULT NULL,
  `a9` decimal(11,2) DEFAULT NULL,
  `b9` decimal(11,2) DEFAULT NULL,
  `c9` decimal(11,2) DEFAULT NULL,
  `total` decimal(11,2) DEFAULT NULL
) ENGINE=InnoDB DEFAULT CHARSET=latin1;

--
-- Dumping data for table `pre_elimination`
--

INSERT INTO `pre_elimination` (`id`, `can_no`, `a1`, `b1`, `c1`, `a2`, `b2`, `c2`, `a3`, `b3`, `c3`, `a4`, `b4`, `c4`, `a5`, `b5`, `c5`, `a6`, `b6`, `c6`, `a7`, `b7`, `c7`, `a8`, `b8`, `c8`, `a9`, `b9`, `c9`, `total`) VALUES
(78, 1, '18.00', '18.00', '10.00', '17.00', '15.00', '5.00', '16.00', '17.00', '7.00', '10.00', '10.00', '5.00', '12.00', '10.80', '6.00', '15.00', '13.00', '6.00', '13.00', '13.00', '7.00', '0.00', '0.00', '0.00', '0.00', '0.00', '0.00', '34.83'),
(79, 2, '14.00', '14.00', '6.00', '16.00', '18.00', '7.00', '14.00', '13.00', '6.00', '10.00', '15.00', '10.00', '11.00', '10.80', '10.00', '16.00', '17.00', '8.00', '13.00', '13.00', '8.00', '0.00', '0.00', '0.00', '0.00', '0.00', '0.00', '35.69'),
(80, 3, '14.00', '16.00', '6.00', '16.00', '17.00', '7.00', '13.00', '13.00', '7.00', '15.00', '15.00', '10.00', '10.00', '10.80', '10.00', '13.00', '15.40', '7.00', '13.00', '13.00', '8.50', '0.00', '0.00', '0.00', '0.00', '0.00', '0.00', '35.67'),
(81, 4, '14.00', '14.00', '7.00', '18.00', '18.00', '7.00', '14.00', '14.00', '7.00', '10.00', '10.00', '5.00', '15.00', '10.00', '5.00', '15.80', '15.00', '8.20', '13.00', '16.00', '8.00', '0.00', '0.00', '0.00', '0.00', '0.00', '0.00', '34.86'),
(82, 5, '14.00', '16.00', '6.00', '16.00', '18.00', '8.00', '15.00', '15.00', '7.00', '15.00', '15.00', '7.00', '20.00', '20.00', '10.00', '14.20', '16.00', '8.50', '15.00', '16.00', '9.00', '0.00', '0.00', '0.00', '0.00', '0.00', '0.00', '40.10'),
(83, 6, '18.00', '18.00', '8.00', '17.00', '18.00', '7.00', '16.00', '17.00', '7.00', '15.00', '20.00', '7.00', '12.00', '20.00', '9.50', '15.00', '14.00', '9.00', '14.00', '17.00', '9.00', '0.00', '0.00', '0.00', '0.00', '0.00', '0.00', '41.07'),
(84, 7, '14.00', '14.00', '6.00', '16.00', '16.00', '6.00', '13.00', '14.00', '6.00', '20.00', '15.00', '7.00', '15.00', '15.00', '7.00', '13.00', '12.00', '8.00', '14.00', '16.00', '7.00', '0.00', '0.00', '0.00', '0.00', '0.00', '0.00', '36.29'),
(85, 8, '18.00', '18.00', '7.00', '16.00', '17.00', '8.00', '17.00', '17.00', '9.00', '20.00', '20.00', '10.00', '20.00', '20.00', '10.00', '16.50', '19.00', '9.00', '15.00', '15.00', '9.00', '0.00', '0.00', '0.00', '0.00', '0.00', '0.00', '44.36'),
(86, 9, '12.00', '12.00', '8.00', '16.00', '18.00', '7.00', '15.00', '14.00', '7.00', '15.00', '15.00', '10.00', '10.00', '15.00', '9.50', '14.00', '16.00', '7.50', '15.00', '15.00', '8.00', '0.00', '0.00', '0.00', '0.00', '0.00', '0.00', '37.00'),
(87, 10, '12.00', '12.00', '8.00', '16.00', '18.00', '8.00', '14.00', '13.00', '6.00', '10.00', '15.00', '7.00', '15.00', '18.00', '9.50', '14.50', '16.50', '7.50', '15.00', '15.00', '6.00', '0.00', '0.00', '0.00', '0.00', '0.00', '0.00', '36.57'),
(88, 11, '20.00', '20.00', '10.00', '18.00', '19.00', '9.00', '18.00', '19.00', '9.00', '20.00', '20.00', '10.00', '20.00', '20.00', '10.00', '19.50', '19.00', '9.00', '19.00', '19.00', '9.00', '0.00', '0.00', '0.00', '0.00', '0.00', '0.00', '48.07'),
(89, 12, '16.00', '16.00', '6.00', '16.00', '15.00', '5.00', '15.00', '14.00', '6.00', '15.00', '20.00', '5.00', '20.00', '17.00', '5.00', '18.00', '13.00', '7.00', '19.00', '19.00', '7.00', '0.00', '0.00', '0.00', '0.00', '0.00', '0.00', '39.14'),
(90, 13, '20.00', '20.00', '10.00', '19.00', '19.00', '9.00', '14.00', '15.00', '9.00', '20.00', '15.00', '10.00', '20.00', '20.00', '10.00', '19.00', '18.50', '9.20', '15.00', '15.00', '9.00', '0.00', '0.00', '0.00', '0.00', '0.00', '0.00', '45.10'),
(91, 14, '14.00', '14.00', '6.00', '18.00', '17.00', '8.00', '14.00', '14.00', '7.00', '15.00', '10.00', '7.00', '18.00', '18.00', '9.50', '14.00', '17.50', '8.00', '17.00', '16.00', '8.50', '0.00', '0.00', '0.00', '0.00', '0.00', '0.00', '38.64'),
(92, 15, '14.00', '18.00', '7.00', '18.00', '17.00', '8.00', '15.00', '15.00', '8.00', '15.00', '15.00', '8.00', '18.00', '18.00', '5.00', '18.50', '17.00', '7.80', '17.00', '16.00', '6.00', '0.00', '0.00', '0.00', '0.00', '0.00', '0.00', '40.19'),
(93, 16, '20.00', '18.00', '8.00', '19.00', '17.00', '7.00', '16.00', '17.00', '7.00', '10.00', '10.00', '5.00', '20.00', '18.00', '8.00', '18.40', '17.20', '8.50', '19.00', '18.00', '8.00', '0.00', '0.00', '0.00', '0.00', '0.00', '0.00', '41.30'),
(94, 17, '18.00', '14.00', '8.00', '19.00', '18.00', '8.00', '16.00', '16.00', '8.00', '15.00', '15.00', '7.00', '15.00', '19.00', '10.00', '17.50', '17.50', '8.80', '16.00', '16.00', '8.00', '0.00', '0.00', '0.00', '0.00', '0.00', '0.00', '41.40'),
(95, 18, '10.00', '12.00', '7.00', '18.00', '18.00', '7.00', '13.00', '13.00', '6.00', '15.00', '15.00', '7.00', '10.00', '10.00', '10.00', '12.00', '16.80', '8.90', '12.00', '12.00', '8.00', '0.00', '0.00', '0.00', '0.00', '0.00', '0.00', '34.39'),
(96, 19, '10.00', '12.00', '6.00', '19.00', '18.00', '8.00', '15.00', '16.00', '6.00', '15.00', '15.00', '7.00', '20.00', '15.00', '8.00', '14.00', '17.00', '7.50', '17.00', '18.00', '7.50', '0.00', '0.00', '0.00', '0.00', '0.00', '0.00', '38.71');

-- --------------------------------------------------------

--
-- Table structure for table `tbl_default_score`
--

CREATE TABLE `tbl_default_score` (
  `id` int(11) NOT NULL,
  `defaultScore` varchar(255) NOT NULL
) ENGINE=InnoDB DEFAULT CHARSET=latin1;

--
-- Dumping data for table `tbl_default_score`
--

INSERT INTO `tbl_default_score` (`id`, `defaultScore`) VALUES
(80, '10.00'),
(81, '11.00'),
(82, '12.00'),
(83, '13.00'),
(84, '14.00'),
(85, '15.00'),
(86, '16.00'),
(87, '17.00'),
(88, '18.00'),
(89, '19.00'),
(90, '20.00');

-- --------------------------------------------------------

--
-- Table structure for table `tbl_elimination`
--

CREATE TABLE `tbl_elimination` (
  `can_no` int(11) NOT NULL,
  `first` decimal(45,2) DEFAULT NULL,
  `second` decimal(45,2) DEFAULT NULL,
  `third` decimal(45,2) DEFAULT NULL,
  `fourth` decimal(45,2) DEFAULT NULL,
  `fifth` decimal(45,2) DEFAULT NULL,
  `sixth` decimal(45,2) DEFAULT NULL,
  `total` decimal(45,2) DEFAULT NULL
) ENGINE=InnoDB DEFAULT CHARSET=utf8;

--
-- Dumping data for table `tbl_elimination`
--

INSERT INTO `tbl_elimination` (`can_no`, `first`, `second`, `third`, `fourth`, `fifth`, `sixth`, `total`) VALUES
(1, '5.17', '6.17', '7.29', '7.36', '4.75', '34.83', '68.80'),
(2, '5.17', '5.19', '6.36', '6.39', '5.75', '35.69', '67.50'),
(3, '4.40', '4.66', '5.86', '6.36', '7.00', '35.67', '66.54'),
(4, '4.78', '4.76', '6.21', '7.17', '6.50', '34.86', '66.99'),
(5, '6.20', '5.37', '6.43', '6.49', '8.60', '40.10', '76.49'),
(6, '5.30', '4.92', '6.67', '7.60', '6.20', '41.07', '74.68'),
(7, '5.60', '5.67', '7.69', '7.37', '5.70', '36.29', '71.54'),
(8, '5.46', '5.98', '7.24', '7.97', '4.80', '44.36', '79.07'),
(9, '4.70', '4.17', '6.29', '5.89', '5.80', '37.00', '66.38'),
(10, '5.33', '4.86', '7.20', '6.67', '6.90', '36.57', '70.44'),
(11, '6.46', '6.97', '7.71', '9.57', '8.00', '48.07', '90.61'),
(12, '5.59', '5.94', '7.61', '8.29', '6.00', '39.14', '75.87'),
(13, '6.19', '6.49', '8.19', '9.00', '9.10', '45.10', '87.69'),
(14, '5.70', '5.44', '7.53', '8.10', '7.10', '38.64', '75.70'),
(15, '6.34', '5.00', '7.77', '7.50', '7.25', '40.19', '77.30'),
(16, '6.07', '6.59', '8.46', '8.69', '7.55', '41.30', '82.27'),
(17, '6.22', '5.60', '7.96', '7.74', '6.25', '41.40', '78.55'),
(18, '4.89', '4.49', '5.91', '6.07', '5.00', '34.39', '63.43'),
(19, '4.89', '5.00', '6.69', '7.31', '6.75', '38.71', '72.18');

-- --------------------------------------------------------

--
-- Table structure for table `tbl_elimination2`
--

CREATE TABLE `tbl_elimination2` (
  `can_no` int(11) NOT NULL,
  `first` varchar(45) DEFAULT NULL,
  `second` varchar(45) DEFAULT NULL,
  `third` varchar(45) DEFAULT NULL,
  `fourth` varchar(45) DEFAULT NULL,
  `fifth` varchar(45) DEFAULT NULL,
  `sixth` varchar(45) DEFAULT NULL,
  `total` decimal(45,2) DEFAULT NULL
) ENGINE=InnoDB DEFAULT CHARSET=utf8;

--
-- Dumping data for table `tbl_elimination2`
--

INSERT INTO `tbl_elimination2` (`can_no`, `first`, `second`, `third`, `fourth`, `fifth`, `sixth`, `total`) VALUES
(1, '0.00', '0.00', '0.00', '0.00', '0.00', '0.00', '0.00'),
(2, '0.00', '0.00', '0.00', '0.00', '0.00', '0.00', '0.00'),
(3, '0.00', '0.00', '0.00', '0.00', '0.00', '0.00', '0.00'),
(4, '0.00', '0.00', '0.00', '0.00', '0.00', '0.00', '0.00'),
(5, '0.00', '0.00', '0.00', '0.00', '0.00', '0.00', '0.00'),
(6, '0.00', '0.00', '0.00', '0.00', '0.00', '0.00', '0.00'),
(7, '0.00', '0.00', '0.00', '0.00', '0.00', '0.00', '0.00'),
(8, '0.00', '0.00', '0.00', '0.00', '0.00', '0.00', '0.00'),
(9, '0.00', '0.00', '0.00', '0.00', '0.00', '0.00', '0.00'),
(10, '0.00', '0.00', '0.00', '0.00', '0.00', '0.00', '0.00');

-- --------------------------------------------------------

--
-- Table structure for table `tbl_events_status`
--

CREATE TABLE `tbl_events_status` (
  `eventNumber` int(11) NOT NULL,
  `eventStatus` varchar(255) NOT NULL
) ENGINE=InnoDB DEFAULT CHARSET=latin1;

--
-- Dumping data for table `tbl_events_status`
--

INSERT INTO `tbl_events_status` (`eventNumber`, `eventStatus`) VALUES
(1, 'UNLOCKED');

-- --------------------------------------------------------

--
-- Table structure for table `tbl_event_details`
--

CREATE TABLE `tbl_event_details` (
  `id` int(11) NOT NULL,
  `event` int(11) NOT NULL,
  `eventName` varchar(255) NOT NULL,
  `maxScore` decimal(45,2) NOT NULL,
  `minScore` decimal(45,2) NOT NULL
) ENGINE=InnoDB DEFAULT CHARSET=latin1;

--
-- Dumping data for table `tbl_event_details`
--

INSERT INTO `tbl_event_details` (`id`, `event`, `eventName`, `maxScore`, `minScore`) VALUES
(1, 1, 'Swimsuit Competition', '25.00', '15.00'),
(2, 2, 'Evening Gown Competition', '25.00', '15.00'),
(3, 3, 'Beauty', '25.00', '15.00'),
(4, 4, 'long_gown', '10.00', '5.00');

-- --------------------------------------------------------

--
-- Table structure for table `tbl_fifth_event`
--

CREATE TABLE `tbl_fifth_event` (
  `can_no` int(11) NOT NULL,
  `j1` varchar(45) DEFAULT NULL,
  `j2` varchar(45) DEFAULT NULL,
  `j3` varchar(45) DEFAULT NULL,
  `j4` varchar(45) DEFAULT NULL,
  `j5` varchar(45) DEFAULT NULL,
  `j6` varchar(45) DEFAULT NULL,
  `j7` varchar(45) DEFAULT NULL,
  `j8` varchar(45) DEFAULT NULL,
  `j9` varchar(45) DEFAULT NULL,
  `total` decimal(45,2) DEFAULT NULL
) ENGINE=InnoDB DEFAULT CHARSET=utf8;

--
-- Dumping data for table `tbl_fifth_event`
--

INSERT INTO `tbl_fifth_event` (`can_no`, `j1`, `j2`, `j3`, `j4`, `j5`, `j6`, `j7`, `j8`, `j9`, `total`) VALUES
(1, '0.00', '0.00', '0.00', '0.00', '0.00', '0.00', '0.00', '0.00', '0.00', '0.00'),
(2, '0.00', '0.00', '0.00', '0.00', '0.00', '0.00', '0.00', '0.00', '0.00', '0.00'),
(3, '0.00', '0.00', '0.00', '0.00', '0.00', '0.00', '0.00', '0.00', '0.00', '0.00'),
(4, '0.00', '0.00', '0.00', '0.00', '0.00', '0.00', '0.00', '0.00', '0.00', '0.00'),
(5, '0.00', '0.00', '0.00', '0.00', '0.00', '0.00', '0.00', '0.00', '0.00', '0.00'),
(6, '0.00', '0.00', '0.00', '0.00', '0.00', '0.00', '0.00', '0.00', '0.00', '0.00'),
(7, '0.00', '0.00', '0.00', '0.00', '0.00', '0.00', '0.00', '0.00', '0.00', '0.00'),
(8, '0.00', '0.00', '0.00', '0.00', '0.00', '0.00', '0.00', '0.00', '0.00', '0.00'),
(9, '0.00', '0.00', '0.00', '0.00', '0.00', '0.00', '0.00', '0.00', '0.00', '0.00'),
(10, '0.00', '0.00', '0.00', '0.00', '0.00', '0.00', '0.00', '0.00', '0.00', '0.00'),
(11, '0.00', '0.00', '0.00', '0.00', '0.00', '0.00', '0.00', '0.00', '0.00', '0.00'),
(12, '0.00', '0.00', '0.00', '0.00', '0.00', '0.00', '0.00', '0.00', '0.00', '0.00'),
(13, '0.00', '0.00', '0.00', '0.00', '0.00', '0.00', '0.00', '0.00', '0.00', '0.00'),
(14, '0.00', '0.00', '0.00', '0.00', '0.00', '0.00', '0.00', '0.00', '0.00', '0.00'),
(15, '0.00', '0.00', '0.00', '0.00', '0.00', '0.00', '0.00', '0.00', '0.00', '0.00'),
(16, '0.00', '0.00', '0.00', '0.00', '0.00', '0.00', '0.00', '0.00', '0.00', '0.00'),
(17, '0.00', '0.00', '0.00', '0.00', '0.00', '0.00', '0.00', '0.00', '0.00', '0.00'),
(18, '0.00', '0.00', '0.00', '0.00', '0.00', '0.00', '0.00', '0.00', '0.00', '0.00'),
(19, '0.00', '0.00', '0.00', '0.00', '0.00', '0.00', '0.00', '0.00', '0.00', '0.00');

-- --------------------------------------------------------

--
-- Table structure for table `tbl_first_event`
--

CREATE TABLE `tbl_first_event` (
  `can_no` int(11) NOT NULL,
  `J1` varchar(45) DEFAULT NULL,
  `J2` varchar(45) DEFAULT NULL,
  `J3` varchar(45) DEFAULT NULL,
  `J4` varchar(45) DEFAULT NULL,
  `J5` varchar(45) DEFAULT NULL,
  `J6` varchar(45) DEFAULT NULL,
  `J7` varchar(45) DEFAULT NULL,
  `J8` varchar(45) DEFAULT NULL,
  `J9` varchar(45) DEFAULT NULL,
  `total` decimal(45,2) DEFAULT NULL
) ENGINE=InnoDB DEFAULT CHARSET=utf8;

--
-- Dumping data for table `tbl_first_event`
--

INSERT INTO `tbl_first_event` (`can_no`, `J1`, `J2`, `J3`, `J4`, `J5`, `J6`, `J7`, `J8`, `J9`, `total`) VALUES
(1, '24.00', '15.00', '25.00', '5.00', '8.00', '7.50', '20.00', '0.00', '0.00', '5.17'),
(2, '24.00', '25.00', '25.00', '5.00', '8.00', '7.50', '25.00', '0.00', '0.00', '5.17'),
(3, '24.00', '25.00', '25.00', '5.00', '5.00', '6.60', '25.00', '0.00', '0.00', '4.40'),
(4, '24.00', '25.00', '25.00', '5.00', '5.00', '7.00', '25.00', '0.00', '0.00', '4.78'),
(5, '24.00', '25.00', '25.00', '7.00', '10.00', '7.80', '25.00', '0.00', '0.00', '6.20'),
(6, '23.00', '25.00', '25.00', '5.00', '9.00', '7.70', '25.00', '0.00', '0.00', '5.30'),
(7, '24.00', '25.00', '25.00', '7.00', '10.00', '7.40', '25.00', '0.00', '0.00', '5.60'),
(8, '24.00', '25.00', '25.00', '6.00', '10.00', '8.10', '25.00', '0.00', '0.00', '5.46'),
(9, '23.00', '24.00', '25.00', '5.00', '5.00', '7.30', '25.00', '0.00', '0.00', '4.70'),
(10, '24.00', '25.00', '25.00', '6.00', '8.00', '7.00', '25.00', '0.00', '0.00', '5.33'),
(11, '25.00', '25.00', '25.00', '7.00', '10.00', '8.60', '25.00', '0.00', '0.00', '6.46'),
(12, '25.00', '25.00', '25.00', '6.00', '8.00', '6.30', '25.00', '0.00', '0.00', '5.59'),
(13, '25.00', '25.00', '25.00', '8.00', '7.00', '8.70', '25.00', '0.00', '0.00', '6.19'),
(14, '25.00', '25.00', '24.00', '5.00', '8.00', '8.30', '25.00', '0.00', '0.00', '5.70'),
(15, '25.00', '15.00', '25.00', '5.00', '10.00', '8.10', '20.00', '0.00', '0.00', '6.34');

-- --------------------------------------------------------

--
-- Table structure for table `tbl_first_event_girl`
--

CREATE TABLE `tbl_first_event_girl` (
  `can_no` int(11) NOT NULL,
  `j1` varchar(45) DEFAULT NULL,
  `j2` varchar(45) DEFAULT NULL,
  `j3` varchar(45) DEFAULT NULL,
  `j4` varchar(45) DEFAULT NULL,
  `j5` varchar(45) DEFAULT NULL,
  `j6` varchar(45) DEFAULT NULL,
  `j7` varchar(45) DEFAULT NULL,
  `j8` varchar(45) DEFAULT NULL,
  `j9` varchar(45) DEFAULT NULL,
  `total` decimal(45,2) DEFAULT NULL
) ENGINE=InnoDB DEFAULT CHARSET=utf8;

--
-- Dumping data for table `tbl_first_event_girl`
--

INSERT INTO `tbl_first_event_girl` (`can_no`, `j1`, `j2`, `j3`, `j4`, `j5`, `j6`, `j7`, `j8`, `j9`, `total`) VALUES
(1, '0.00', '0.00', '0.00', '0.00', '0.00', '0.00', '0.00', '0.00', '0.00', '0.00'),
(2, '0.00', '0.00', '0.00', '0.00', '0.00', '0.00', '0.00', '0.00', '0.00', '0.00'),
(3, '0.00', '0.00', '0.00', '0.00', '0.00', '0.00', '0.00', '0.00', '0.00', '0.00'),
(4, '0.00', '0.00', '0.00', '0.00', '0.00', '0.00', '0.00', '0.00', '0.00', '0.00'),
(5, '0.00', '0.00', '0.00', '0.00', '0.00', '0.00', '0.00', '0.00', '0.00', '0.00'),
(6, '0.00', '0.00', '0.00', '0.00', '0.00', '0.00', '0.00', '0.00', '0.00', '0.00'),
(7, '0.00', '0.00', '0.00', '0.00', '0.00', '0.00', '0.00', '0.00', '0.00', '0.00'),
(8, '0.00', '0.00', '0.00', '0.00', '0.00', '0.00', '0.00', '0.00', '0.00', '0.00'),
(9, '0.00', '0.00', '0.00', '0.00', '0.00', '0.00', '0.00', '0.00', '0.00', '0.00'),
(10, '0.00', '0.00', '0.00', '0.00', '0.00', '0.00', '0.00', '0.00', '0.00', '0.00'),
(11, '0.00', '0.00', '0.00', '0.00', '0.00', '0.00', '0.00', '0.00', '0.00', '0.00'),
(12, '0.00', '0.00', '0.00', '0.00', '0.00', '0.00', '0.00', '0.00', '0.00', '0.00'),
(13, '0.00', '0.00', '0.00', '0.00', '0.00', '0.00', '0.00', '0.00', '0.00', '0.00'),
(14, '0.00', '0.00', '0.00', '0.00', '0.00', '0.00', '0.00', '0.00', '0.00', '0.00'),
(15, '0.00', '0.00', '0.00', '0.00', '0.00', '0.00', '0.00', '0.00', '0.00', '0.00');

-- --------------------------------------------------------

--
-- Table structure for table `tbl_formstatus`
--

CREATE TABLE `tbl_formstatus` (
  `Status` varchar(45) NOT NULL,
  `StatusCtr` int(11) NOT NULL
) ENGINE=InnoDB DEFAULT CHARSET=latin1;

--
-- Dumping data for table `tbl_formstatus`
--

INSERT INTO `tbl_formstatus` (`Status`, `StatusCtr`) VALUES
('UNLOCKED', 0);

-- --------------------------------------------------------

--
-- Table structure for table `tbl_form_status`
--

CREATE TABLE `tbl_form_status` (
  `displayStatus` varchar(255) NOT NULL
) ENGINE=InnoDB DEFAULT CHARSET=latin1;

--
-- Dumping data for table `tbl_form_status`
--

INSERT INTO `tbl_form_status` (`displayStatus`) VALUES
('UNLOCKED');

-- --------------------------------------------------------

--
-- Table structure for table `tbl_fourth_event`
--

CREATE TABLE `tbl_fourth_event` (
  `can_no` int(11) NOT NULL,
  `j1` varchar(45) DEFAULT NULL,
  `j2` varchar(45) DEFAULT NULL,
  `j3` varchar(45) DEFAULT NULL,
  `j4` varchar(45) DEFAULT NULL,
  `j5` varchar(45) DEFAULT NULL,
  `j6` varchar(45) DEFAULT NULL,
  `j7` varchar(45) DEFAULT NULL,
  `j8` varchar(45) DEFAULT NULL,
  `j9` varchar(45) DEFAULT NULL,
  `total` decimal(45,2) DEFAULT NULL
) ENGINE=InnoDB DEFAULT CHARSET=utf8;

--
-- Dumping data for table `tbl_fourth_event`
--

INSERT INTO `tbl_fourth_event` (`can_no`, `j1`, `j2`, `j3`, `j4`, `j5`, `j6`, `j7`, `j8`, `j9`, `total`) VALUES
(1, '9.00', '9.00', '7.00', '6.00', '6.00', '7.50', '7.00', '0.00', '0.00', '7.36'),
(2, '7.00', '6.00', '6.00', '5.00', '5.50', '8.20', '7.00', '0.00', '0.00', '6.39'),
(3, '6.00', '6.00', '6.00', '5.00', '7.50', '7.00', '7.00', '0.00', '0.00', '6.36'),
(4, '6.00', '9.00', '7.00', '5.00', '8.50', '7.70', '7.00', '0.00', '0.00', '7.17'),
(5, '6.00', '6.00', '6.00', '6.00', '7.00', '7.40', '7.00', '0.00', '0.00', '6.49'),
(6, '7.00', '8.00', '7.00', '6.00', '10.00', '7.20', '8.00', '0.00', '0.00', '7.60'),
(7, '7.00', '7.00', '6.00', '10.00', '5.50', '7.60', '8.50', '0.00', '0.00', '7.37'),
(8, '8.00', '9.00', '8.00', '7.00', '10.00', '7.80', '6.00', '0.00', '0.00', '7.97'),
(9, '6.00', '6.00', '7.00', '5.00', '5.00', '6.20', '6.00', '0.00', '0.00', '5.89'),
(10, '7.00', '8.00', '6.00', '5.00', '6.50', '7.20', '7.00', '0.00', '0.00', '6.67'),
(11, '9.00', '10.00', '9.00', '10.00', '10.00', '9.50', '9.50', '0.00', '0.00', '9.57'),
(12, '7.00', '9.00', '7.00', '7.00', '10.00', '8.50', '9.50', '0.00', '0.00', '8.29'),
(13, '10.00', '10.00', '7.00', '8.00', '10.00', '9.00', '9.00', '0.00', '0.00', '9.00'),
(14, '7.00', '9.00', '7.00', '8.00', '10.00', '7.20', '8.50', '0.00', '0.00', '8.10'),
(15, '7.00', '9.00', '6.00', '6.00', '8.50', '8.00', '8.00', '0.00', '0.00', '7.50'),
(16, '10.00', '10.00', '8.00', '5.00', '10.00', '8.30', '9.50', '0.00', '0.00', '8.69'),
(17, '6.00', '9.00', '7.00', '6.00', '9.50', '7.70', '9.00', '0.00', '0.00', '7.74'),
(18, '7.00', '8.00', '6.00', '5.00', '5.00', '5.50', '6.00', '0.00', '0.00', '6.07'),
(19, '6.00', '10.00', '7.00', '7.00', '5.50', '7.20', '8.50', '0.00', '0.00', '7.31');

-- --------------------------------------------------------

--
-- Table structure for table `tbl_judges_temp`
--

CREATE TABLE `tbl_judges_temp` (
  `jno` varchar(255) NOT NULL DEFAULT ''
) ENGINE=InnoDB DEFAULT CHARSET=latin1;

-- --------------------------------------------------------

--
-- Table structure for table `tbl_load_number_of_judges`
--

CREATE TABLE `tbl_load_number_of_judges` (
  `id` int(5) NOT NULL,
  `loadJudges` varchar(5) NOT NULL
) ENGINE=InnoDB DEFAULT CHARSET=latin1;

--
-- Dumping data for table `tbl_load_number_of_judges`
--

INSERT INTO `tbl_load_number_of_judges` (`id`, `loadJudges`) VALUES
(669, 'J1'),
(670, 'J2'),
(671, 'J3'),
(672, 'J4'),
(673, 'J5'),
(674, 'J6'),
(675, 'J7'),
(676, 'J8'),
(677, 'J9');

-- --------------------------------------------------------

--
-- Table structure for table `tbl_max_min_1`
--

CREATE TABLE `tbl_max_min_1` (
  `1` decimal(7,2) NOT NULL
) ENGINE=InnoDB DEFAULT CHARSET=latin1;

--
-- Dumping data for table `tbl_max_min_1`
--

INSERT INTO `tbl_max_min_1` (`1`) VALUES
('15.00'),
('16.00'),
('17.00'),
('18.00'),
('19.00'),
('20.00'),
('21.00'),
('22.00'),
('23.00'),
('24.00'),
('25.00');

-- --------------------------------------------------------

--
-- Table structure for table `tbl_max_min_2`
--

CREATE TABLE `tbl_max_min_2` (
  `2` decimal(45,2) NOT NULL
) ENGINE=InnoDB DEFAULT CHARSET=latin1;

--
-- Dumping data for table `tbl_max_min_2`
--

INSERT INTO `tbl_max_min_2` (`2`) VALUES
('15.00'),
('16.00'),
('17.00'),
('18.00'),
('19.00'),
('20.00'),
('21.00'),
('22.00'),
('23.00'),
('24.00'),
('25.00');

-- --------------------------------------------------------

--
-- Table structure for table `tbl_max_min_beauty`
--

CREATE TABLE `tbl_max_min_beauty` (
  `beauty` decimal(45,2) NOT NULL
) ENGINE=InnoDB DEFAULT CHARSET=latin1;

--
-- Dumping data for table `tbl_max_min_beauty`
--

INSERT INTO `tbl_max_min_beauty` (`beauty`) VALUES
('25.00'),
('26.00'),
('27.00'),
('28.00'),
('29.00'),
('30.00'),
('31.00'),
('32.00'),
('33.00'),
('34.00'),
('35.00'),
('36.00'),
('37.00'),
('38.00'),
('39.00'),
('40.00'),
('41.00'),
('42.00'),
('43.00'),
('44.00'),
('45.00'),
('46.00'),
('47.00'),
('48.00'),
('49.00'),
('50.00');

-- --------------------------------------------------------

--
-- Table structure for table `tbl_max_min_eight`
--

CREATE TABLE `tbl_max_min_eight` (
  `eight` varchar(255) NOT NULL
) ENGINE=InnoDB DEFAULT CHARSET=latin1;

--
-- Dumping data for table `tbl_max_min_eight`
--

INSERT INTO `tbl_max_min_eight` (`eight`) VALUES
('10.00'),
('11.00'),
('12.00'),
('13.00'),
('14.00'),
('15.00'),
('16.00'),
('17.00'),
('18.00'),
('19.00'),
('20.00');

-- --------------------------------------------------------

--
-- Table structure for table `tbl_max_min_fifth`
--

CREATE TABLE `tbl_max_min_fifth` (
  `fifth` decimal(45,2) NOT NULL
) ENGINE=InnoDB DEFAULT CHARSET=latin1;

--
-- Dumping data for table `tbl_max_min_fifth`
--

INSERT INTO `tbl_max_min_fifth` (`fifth`) VALUES
('5.00'),
('6.00'),
('7.00'),
('8.00'),
('9.00'),
('10.00');

-- --------------------------------------------------------

--
-- Table structure for table `tbl_max_min_first`
--

CREATE TABLE `tbl_max_min_first` (
  `1` decimal(45,2) NOT NULL
) ENGINE=InnoDB DEFAULT CHARSET=latin1;

--
-- Dumping data for table `tbl_max_min_first`
--

INSERT INTO `tbl_max_min_first` (`1`) VALUES
('15.00'),
('16.00'),
('17.00'),
('18.00'),
('19.00'),
('20.00'),
('21.00'),
('22.00'),
('23.00'),
('24.00'),
('25.00');

-- --------------------------------------------------------

--
-- Table structure for table `tbl_max_min_fourth`
--

CREATE TABLE `tbl_max_min_fourth` (
  `fourth` decimal(45,2) NOT NULL
) ENGINE=InnoDB DEFAULT CHARSET=latin1;

--
-- Dumping data for table `tbl_max_min_fourth`
--

INSERT INTO `tbl_max_min_fourth` (`fourth`) VALUES
('5.00'),
('6.00'),
('7.00'),
('8.00'),
('9.00'),
('10.00');

-- --------------------------------------------------------

--
-- Table structure for table `tbl_max_min_intel`
--

CREATE TABLE `tbl_max_min_intel` (
  `intel` decimal(45,2) NOT NULL
) ENGINE=InnoDB DEFAULT CHARSET=latin1;

--
-- Dumping data for table `tbl_max_min_intel`
--

INSERT INTO `tbl_max_min_intel` (`intel`) VALUES
('25.00'),
('26.00'),
('27.00'),
('28.00'),
('29.00'),
('30.00'),
('31.00'),
('32.00'),
('33.00'),
('34.00'),
('35.00'),
('36.00'),
('37.00'),
('38.00'),
('39.00'),
('40.00'),
('41.00'),
('42.00'),
('43.00'),
('44.00'),
('45.00'),
('46.00'),
('47.00'),
('48.00'),
('49.00'),
('50.00');

-- --------------------------------------------------------

--
-- Table structure for table `tbl_max_min_second`
--

CREATE TABLE `tbl_max_min_second` (
  `second` decimal(45,2) NOT NULL
) ENGINE=InnoDB DEFAULT CHARSET=latin1;

--
-- Dumping data for table `tbl_max_min_second`
--

INSERT INTO `tbl_max_min_second` (`second`) VALUES
('15.00'),
('16.00'),
('17.00'),
('18.00'),
('19.00'),
('20.00'),
('21.00'),
('22.00'),
('23.00'),
('24.00'),
('25.00');

-- --------------------------------------------------------

--
-- Table structure for table `tbl_max_min_seventh`
--

CREATE TABLE `tbl_max_min_seventh` (
  `seventh` decimal(45,2) NOT NULL
) ENGINE=InnoDB DEFAULT CHARSET=latin1;

--
-- Dumping data for table `tbl_max_min_seventh`
--

INSERT INTO `tbl_max_min_seventh` (`seventh`) VALUES
('5.00'),
('6.00'),
('7.00'),
('8.00'),
('9.00'),
('10.00');

-- --------------------------------------------------------

--
-- Table structure for table `tbl_max_min_sixth`
--

CREATE TABLE `tbl_max_min_sixth` (
  `sixth` decimal(45,2) NOT NULL
) ENGINE=InnoDB DEFAULT CHARSET=latin1;

--
-- Dumping data for table `tbl_max_min_sixth`
--

INSERT INTO `tbl_max_min_sixth` (`sixth`) VALUES
('10.00'),
('11.00'),
('12.00'),
('13.00'),
('14.00'),
('15.00'),
('16.00'),
('17.00'),
('18.00'),
('19.00'),
('20.00');

-- --------------------------------------------------------

--
-- Table structure for table `tbl_max_min_third`
--

CREATE TABLE `tbl_max_min_third` (
  `third` decimal(45,2) NOT NULL
) ENGINE=InnoDB DEFAULT CHARSET=latin1;

--
-- Dumping data for table `tbl_max_min_third`
--

INSERT INTO `tbl_max_min_third` (`third`) VALUES
('5.00'),
('6.00'),
('7.00'),
('8.00'),
('9.00'),
('10.00');

-- --------------------------------------------------------

--
-- Table structure for table `tbl_number_of_candidates`
--

CREATE TABLE `tbl_number_of_candidates` (
  `id` int(11) NOT NULL,
  `can_no` int(11) NOT NULL
) ENGINE=InnoDB DEFAULT CHARSET=utf8;

--
-- Dumping data for table `tbl_number_of_candidates`
--

INSERT INTO `tbl_number_of_candidates` (`id`, `can_no`) VALUES
(1, 15);

-- --------------------------------------------------------

--
-- Table structure for table `tbl_number_of_judges`
--

CREATE TABLE `tbl_number_of_judges` (
  `id` int(11) NOT NULL,
  `NumberOfJudge` int(11) NOT NULL
) ENGINE=InnoDB DEFAULT CHARSET=utf8;

--
-- Dumping data for table `tbl_number_of_judges`
--

INSERT INTO `tbl_number_of_judges` (`id`, `NumberOfJudge`) VALUES
(1, 7);

-- --------------------------------------------------------

--
-- Table structure for table `tbl_number_of_topfinalist`
--

CREATE TABLE `tbl_number_of_topfinalist` (
  `NumberOfTopFinalist` int(11) NOT NULL
) ENGINE=InnoDB DEFAULT CHARSET=latin1;

--
-- Dumping data for table `tbl_number_of_topfinalist`
--

INSERT INTO `tbl_number_of_topfinalist` (`NumberOfTopFinalist`) VALUES
(5);

-- --------------------------------------------------------

--
-- Table structure for table `tbl_second_event`
--

CREATE TABLE `tbl_second_event` (
  `can_no` int(11) NOT NULL,
  `J1` varchar(45) DEFAULT NULL,
  `J2` varchar(45) DEFAULT NULL,
  `J3` varchar(45) DEFAULT NULL,
  `J4` varchar(45) DEFAULT NULL,
  `J5` varchar(45) DEFAULT NULL,
  `J6` varchar(45) DEFAULT NULL,
  `J7` varchar(45) DEFAULT NULL,
  `J8` varchar(45) DEFAULT NULL,
  `J9` varchar(45) DEFAULT NULL,
  `total` decimal(45,2) DEFAULT NULL
) ENGINE=InnoDB DEFAULT CHARSET=utf8;

--
-- Dumping data for table `tbl_second_event`
--

INSERT INTO `tbl_second_event` (`can_no`, `J1`, `J2`, `J3`, `J4`, `J5`, `J6`, `J7`, `J8`, `J9`, `total`) VALUES
(1, '24.00', '25.00', '22.00', '24.00', '10.00', '7.50', '25.00', '0.00', '0.00', '6.17'),
(2, '23.00', '25.00', '25.00', '25.00', '7.00', '7.70', '25.00', '0.00', '0.00', '5.19'),
(3, '24.00', '25.00', '25.00', '23.00', '6.00', '6.90', '25.00', '0.00', '0.00', '4.66'),
(4, '24.00', '25.00', '25.00', '24.00', '5.00', '6.80', '21.00', '0.00', '0.00', '4.76'),
(5, '21.00', '25.00', '25.00', '23.00', '10.00', '7.30', '25.00', '0.00', '0.00', '5.37'),
(6, '25.00', '25.00', '25.00', '23.00', '5.00', '7.30', '23.00', '0.00', '0.00', '4.92'),
(7, '25.00', '25.00', '25.00', '24.00', '9.00', '6.00', '25.00', '0.00', '0.00', '5.67'),
(8, '23.00', '22.00', '25.00', '23.00', '9.00', '7.80', '25.00', '0.00', '0.00', '5.98'),
(9, '25.00', '25.00', '22.00', '23.00', '5.00', '5.50', '25.00', '0.00', '0.00', '4.17'),
(10, '25.00', '23.00', '25.00', '24.00', '7.00', '7.70', '24.00', '0.00', '0.00', '4.86'),
(11, '25.00', '23.00', '23.00', '25.00', '10.00', '9.20', '24.00', '0.00', '0.00', '6.97'),
(12, '25.00', '25.00', '25.00', '25.00', '10.00', '8.50', '25.00', '0.00', '0.00', '5.94'),
(13, '24.00', '25.00', '23.00', '23.00', '8.00', '8.90', '24.00', '0.00', '0.00', '6.49'),
(14, '25.00', '25.00', '23.00', '24.00', '10.00', '7.00', '23.00', '0.00', '0.00', '5.44'),
(15, '25.00', '24.00', '24.00', '24.00', '5.00', '8.00', '23.00', '0.00', '0.00', '5.00');

-- --------------------------------------------------------

--
-- Table structure for table `tbl_second_event_girl`
--

CREATE TABLE `tbl_second_event_girl` (
  `can_no` int(11) NOT NULL,
  `j1` varchar(45) DEFAULT NULL,
  `j2` varchar(45) DEFAULT NULL,
  `j3` varchar(45) DEFAULT NULL,
  `j4` varchar(45) DEFAULT NULL,
  `j5` varchar(45) DEFAULT NULL,
  `j6` varchar(45) DEFAULT NULL,
  `j7` varchar(45) DEFAULT NULL,
  `j8` varchar(45) DEFAULT NULL,
  `j9` varchar(45) DEFAULT NULL,
  `total` decimal(45,2) DEFAULT NULL
) ENGINE=InnoDB DEFAULT CHARSET=utf8;

--
-- Dumping data for table `tbl_second_event_girl`
--

INSERT INTO `tbl_second_event_girl` (`can_no`, `j1`, `j2`, `j3`, `j4`, `j5`, `j6`, `j7`, `j8`, `j9`, `total`) VALUES
(1, '0.00', '0.00', '0.00', '0.00', '0.00', '0.00', '0.00', '0.00', '0.00', '0.00'),
(2, '0.00', '0.00', '0.00', '0.00', '0.00', '0.00', '0.00', '0.00', '0.00', '0.00'),
(3, '0.00', '0.00', '0.00', '0.00', '0.00', '0.00', '0.00', '0.00', '0.00', '0.00'),
(4, '0.00', '0.00', '0.00', '0.00', '0.00', '0.00', '0.00', '0.00', '0.00', '0.00'),
(5, '0.00', '0.00', '0.00', '0.00', '0.00', '0.00', '0.00', '0.00', '0.00', '0.00'),
(6, '0.00', '0.00', '0.00', '0.00', '0.00', '0.00', '0.00', '0.00', '0.00', '0.00'),
(7, '0.00', '0.00', '0.00', '0.00', '0.00', '0.00', '0.00', '0.00', '0.00', '0.00'),
(8, '0.00', '0.00', '0.00', '0.00', '0.00', '0.00', '0.00', '0.00', '0.00', '0.00'),
(9, '0.00', '0.00', '0.00', '0.00', '0.00', '0.00', '0.00', '0.00', '0.00', '0.00'),
(10, '0.00', '0.00', '0.00', '0.00', '0.00', '0.00', '0.00', '0.00', '0.00', '0.00'),
(11, '0.00', '0.00', '0.00', '0.00', '0.00', '0.00', '0.00', '0.00', '0.00', '0.00'),
(12, '0.00', '0.00', '0.00', '0.00', '0.00', '0.00', '0.00', '0.00', '0.00', '0.00'),
(13, '0.00', '0.00', '0.00', '0.00', '0.00', '0.00', '0.00', '0.00', '0.00', '0.00'),
(14, '0.00', '0.00', '0.00', '0.00', '0.00', '0.00', '0.00', '0.00', '0.00', '0.00'),
(15, '0.00', '0.00', '0.00', '0.00', '0.00', '0.00', '0.00', '0.00', '0.00', '0.00');

-- --------------------------------------------------------

--
-- Table structure for table `tbl_sixth_event`
--

CREATE TABLE `tbl_sixth_event` (
  `can_no` int(11) NOT NULL,
  `j1` varchar(45) DEFAULT NULL,
  `j2` varchar(45) DEFAULT NULL,
  `j3` varchar(45) DEFAULT NULL,
  `j4` varchar(45) DEFAULT NULL,
  `j5` varchar(45) DEFAULT NULL,
  `j6` varchar(45) DEFAULT NULL,
  `j7` varchar(45) DEFAULT NULL,
  `j8` varchar(45) DEFAULT NULL,
  `j9` varchar(45) DEFAULT NULL,
  `total` decimal(45,2) DEFAULT NULL
) ENGINE=InnoDB DEFAULT CHARSET=utf8;

--
-- Dumping data for table `tbl_sixth_event`
--

INSERT INTO `tbl_sixth_event` (`can_no`, `j1`, `j2`, `j3`, `j4`, `j5`, `j6`, `j7`, `j8`, `j9`, `total`) VALUES
(1, '22.00', '25.00', '20.00', '21.00', '21.00', '22.00', '22.00', '0.00', '0.00', '21.86'),
(2, '18.00', '24.00', '14.00', '15.00', '19.00', '18.00', '18.00', '0.00', '0.00', '18.00'),
(3, '18.00', '24.00', '15.00', '15.00', '20.50', '21.00', '21.00', '0.00', '0.00', '19.21'),
(4, '21.00', '25.00', '25.00', '20.00', '22.00', '23.00', '19.00', '0.00', '0.00', '22.14'),
(5, '20.00', '22.00', '25.00', '17.00', '18.50', '17.00', '22.00', '0.00', '0.00', '20.21'),
(6, '20.00', '23.00', '24.00', '19.00', '20.00', '21.00', '21.00', '0.00', '0.00', '21.14'),
(7, '19.00', '23.00', '14.00', '15.00', '18.00', '20.00', '20.00', '0.00', '0.00', '18.43'),
(8, '19.00', '25.00', '14.00', '17.00', '17.00', '19.00', '19.00', '0.00', '0.00', '18.57'),
(9, '20.00', '25.00', '20.00', '18.00', '20.50', '20.00', '22.00', '0.00', '0.00', '20.79'),
(10, '23.00', '24.00', '23.00', '25.00', '24.00', '23.50', '23.00', '0.00', '0.00', '23.64'),
(11, '12.50', '12.50', '12.50', '12.50', '12.50', '12.50', '12.50', '0.00', '0.00', '12.50'),
(12, '18.00', '23.00', '18.00', '13.00', '17.00', '17.00', '18.00', '0.00', '0.00', '17.71'),
(13, '22.00', '25.00', '25.00', '22.00', '20.00', '22.00', '24.00', '0.00', '0.00', '22.86'),
(14, '20.00', '24.00', '25.00', '15.00', '21.00', '21.00', '21.00', '0.00', '0.00', '21.00');

-- --------------------------------------------------------

--
-- Table structure for table `tbl_third_event`
--

CREATE TABLE `tbl_third_event` (
  `can_no` int(11) NOT NULL,
  `j1` varchar(45) DEFAULT NULL,
  `j2` varchar(45) DEFAULT NULL,
  `j3` varchar(45) DEFAULT NULL,
  `j4` varchar(45) DEFAULT NULL,
  `j5` varchar(45) DEFAULT NULL,
  `j6` varchar(45) DEFAULT NULL,
  `j7` varchar(45) DEFAULT NULL,
  `j8` varchar(45) DEFAULT NULL,
  `j9` varchar(45) DEFAULT NULL,
  `total` decimal(45,2) DEFAULT NULL
) ENGINE=InnoDB DEFAULT CHARSET=utf8;

--
-- Dumping data for table `tbl_third_event`
--

INSERT INTO `tbl_third_event` (`can_no`, `j1`, `j2`, `j3`, `j4`, `j5`, `j6`, `j7`, `j8`, `j9`, `total`) VALUES
(1, '9.00', '9.00', '7.00', '6.00', '5.50', '7.50', '7.00', '0.00', '0.00', '7.29'),
(2, '7.00', '7.00', '6.00', '5.00', '5.50', '8.00', '6.00', '0.00', '0.00', '6.36'),
(3, '7.00', '7.00', '5.00', '5.00', '5.50', '5.50', '6.00', '0.00', '0.00', '5.86'),
(4, '7.00', '6.00', '6.00', '5.00', '6.00', '6.50', '7.00', '0.00', '0.00', '6.21'),
(5, '7.00', '7.00', '5.00', '5.00', '7.00', '7.00', '7.00', '0.00', '0.00', '6.43'),
(6, '8.00', '7.00', '6.00', '5.00', '8.00', '6.70', '6.00', '0.00', '0.00', '6.67'),
(7, '7.00', '7.00', '6.00', '9.00', '8.00', '7.80', '9.00', '0.00', '0.00', '7.69'),
(8, '9.00', '7.00', '7.00', '5.00', '10.00', '6.70', '6.00', '0.00', '0.00', '7.24'),
(9, '6.00', '7.00', '6.00', '5.00', '7.00', '6.00', '7.00', '0.00', '0.00', '6.29'),
(10, '5.00', '8.00', '6.00', '6.00', '10.00', '7.40', '8.00', '0.00', '0.00', '7.20'),
(11, '8.00', '8.00', '8.00', '5.00', '9.00', '9.00', '7.00', '0.00', '0.00', '7.71'),
(12, '9.00', '6.00', '6.00', '6.00', '9.50', '7.80', '9.00', '0.00', '0.00', '7.61'),
(13, '10.00', '10.00', '6.00', '6.00', '7.00', '9.30', '9.00', '0.00', '0.00', '8.19'),
(14, '7.00', '10.00', '6.00', '6.00', '7.00', '8.20', '8.50', '0.00', '0.00', '7.53'),
(15, '8.00', '8.00', '6.00', '7.00', '8.50', '7.90', '9.00', '0.00', '0.00', '7.77'),
(16, '10.00', '8.00', '9.00', '5.00', '10.00', '7.70', '9.50', '0.00', '0.00', '8.46'),
(17, '9.00', '8.00', '7.00', '5.00', '9.50', '8.20', '9.00', '0.00', '0.00', '7.96'),
(18, '6.00', '9.00', '5.00', '5.00', '5.00', '5.40', '6.00', '0.00', '0.00', '5.91'),
(19, '5.00', '8.00', '6.00', '6.00', '5.00', '7.80', '9.00', '0.00', '0.00', '6.69');

-- --------------------------------------------------------

--
-- Table structure for table `tbl_third_event_girl`
--

CREATE TABLE `tbl_third_event_girl` (
  `can_no` int(11) NOT NULL,
  `j1` varchar(45) DEFAULT NULL,
  `j2` varchar(45) DEFAULT NULL,
  `j3` varchar(45) DEFAULT NULL,
  `j4` varchar(45) DEFAULT NULL,
  `j5` varchar(45) DEFAULT NULL,
  `j6` varchar(45) DEFAULT NULL,
  `j7` varchar(45) DEFAULT NULL,
  `j8` varchar(45) DEFAULT NULL,
  `j9` varchar(45) DEFAULT NULL,
  `total` decimal(45,2) DEFAULT NULL
) ENGINE=InnoDB DEFAULT CHARSET=utf8;

--
-- Dumping data for table `tbl_third_event_girl`
--

INSERT INTO `tbl_third_event_girl` (`can_no`, `j1`, `j2`, `j3`, `j4`, `j5`, `j6`, `j7`, `j8`, `j9`, `total`) VALUES
(1, '0.00', '0.00', '0.00', '0.00', '0.00', '0.00', '0.00', '0.00', '0.00', '0.00'),
(2, '0.00', '0.00', '0.00', '0.00', '0.00', '0.00', '0.00', '0.00', '0.00', '0.00'),
(3, '0.00', '0.00', '0.00', '0.00', '0.00', '0.00', '0.00', '0.00', '0.00', '0.00'),
(4, '0.00', '0.00', '0.00', '0.00', '0.00', '0.00', '0.00', '0.00', '0.00', '0.00'),
(5, '0.00', '0.00', '0.00', '0.00', '0.00', '0.00', '0.00', '0.00', '0.00', '0.00'),
(6, '0.00', '0.00', '0.00', '0.00', '0.00', '0.00', '0.00', '0.00', '0.00', '0.00'),
(7, '0.00', '0.00', '0.00', '0.00', '0.00', '0.00', '0.00', '0.00', '0.00', '0.00'),
(8, '0.00', '0.00', '0.00', '0.00', '0.00', '0.00', '0.00', '0.00', '0.00', '0.00'),
(9, '0.00', '0.00', '0.00', '0.00', '0.00', '0.00', '0.00', '0.00', '0.00', '0.00'),
(10, '0.00', '0.00', '0.00', '0.00', '0.00', '0.00', '0.00', '0.00', '0.00', '0.00'),
(11, '0.00', '0.00', '0.00', '0.00', '0.00', '0.00', '0.00', '0.00', '0.00', '0.00'),
(12, '0.00', '0.00', '0.00', '0.00', '0.00', '0.00', '0.00', '0.00', '0.00', '0.00'),
(13, '0.00', '0.00', '0.00', '0.00', '0.00', '0.00', '0.00', '0.00', '0.00', '0.00'),
(14, '0.00', '0.00', '0.00', '0.00', '0.00', '0.00', '0.00', '0.00', '0.00', '0.00'),
(15, '0.00', '0.00', '0.00', '0.00', '0.00', '0.00', '0.00', '0.00', '0.00', '0.00');

-- --------------------------------------------------------

--
-- Table structure for table `tbl_top_finalist`
--

CREATE TABLE `tbl_top_finalist` (
  `can_no` int(11) NOT NULL,
  `b1` varchar(45) DEFAULT NULL,
  `i1` varchar(45) DEFAULT NULL,
  `b2` varchar(45) DEFAULT NULL,
  `i2` varchar(45) DEFAULT NULL,
  `b3` varchar(45) DEFAULT NULL,
  `i3` varchar(45) DEFAULT NULL,
  `b4` varchar(45) DEFAULT NULL,
  `i4` varchar(45) DEFAULT NULL,
  `b5` varchar(45) DEFAULT NULL,
  `i5` varchar(45) DEFAULT NULL,
  `b6` varchar(45) DEFAULT NULL,
  `i6` varchar(45) DEFAULT NULL,
  `b7` varchar(45) DEFAULT NULL,
  `i7` varchar(45) DEFAULT NULL,
  `b8` varchar(45) DEFAULT NULL,
  `i8` varchar(45) DEFAULT NULL,
  `b9` varchar(45) DEFAULT NULL,
  `i9` varchar(45) DEFAULT NULL,
  `total` decimal(45,2) DEFAULT NULL
) ENGINE=InnoDB DEFAULT CHARSET=utf8;

--
-- Dumping data for table `tbl_top_finalist`
--

INSERT INTO `tbl_top_finalist` (`can_no`, `b1`, `i1`, `b2`, `i2`, `b3`, `i3`, `b4`, `i4`, `b5`, `i5`, `b6`, `i6`, `b7`, `i7`, `b8`, `i8`, `b9`, `i9`, `total`) VALUES
(5, '40.00', '30.00', '42.00', '45.00', '45.00', '40.00', '30.00', '40.00', '35.00', '50.00', '40.00', '45.00', '35.00', '40.00', '0.00', '0.00', '0.00', '0.00', '79.57'),
(6, '40.00', '30.00', '42.00', '40.00', '42.00', '40.00', '30.00', '30.00', '30.00', '50.00', '37.00', '43.00', '30.00', '30.00', '0.00', '0.00', '0.00', '0.00', '73.43'),
(8, '30.00', '30.00', '42.00', '45.00', '42.00', '40.00', '30.00', '45.00', '50.00', '50.00', '39.00', '37.00', '28.00', '30.00', '0.00', '0.00', '0.00', '0.00', '76.86'),
(11, '40.00', '25.00', '46.00', '40.00', '35.00', '40.00', '50.00', '30.00', '50.00', '25.00', '47.00', '35.00', '45.00', '28.00', '0.00', '0.00', '0.00', '0.00', '76.57'),
(12, '40.00', '25.00', '42.00', '35.00', '25.00', '37.00', '25.00', '25.00', '50.00', '25.00', '42.00', '27.00', '40.00', '28.00', '0.00', '0.00', '0.00', '0.00', '66.57'),
(13, '50.00', '50.00', '46.00', '48.00', '45.00', '44.00', '50.00', '50.00', '50.00', '50.00', '46.00', '44.00', '40.00', '40.00', '0.00', '0.00', '0.00', '0.00', '93.29'),
(14, '40.00', '25.00', '45.00', '42.00', '39.00', '37.00', '30.00', '30.00', '45.00', '25.00', '35.00', '39.00', '35.00', '29.00', '0.00', '0.00', '0.00', '0.00', '70.86'),
(15, '40.00', '25.00', '45.00', '38.00', '30.00', '37.00', '30.00', '25.00', '30.00', '25.00', '41.00', '25.00', '35.00', '26.00', '0.00', '0.00', '0.00', '0.00', '64.57'),
(16, '45.00', '40.00', '46.00', '44.00', '45.00', '48.00', '25.00', '25.00', '50.00', '30.00', '42.00', '30.00', '45.00', '28.00', '0.00', '0.00', '0.00', '0.00', '77.57'),
(17, '30.00', '35.00', '45.00', '40.00', '40.00', '40.00', '30.00', '35.00', '35.00', '50.00', '41.00', '40.00', '35.00', '30.00', '0.00', '0.00', '0.00', '0.00', '75.14');

-- --------------------------------------------------------

--
-- Table structure for table `tbl_top_finalist2`
--

CREATE TABLE `tbl_top_finalist2` (
  `can_no` int(11) NOT NULL,
  `b1` varchar(45) DEFAULT NULL,
  `i1` varchar(45) DEFAULT NULL,
  `b2` varchar(45) DEFAULT NULL,
  `i2` varchar(45) DEFAULT NULL,
  `b3` varchar(45) DEFAULT NULL,
  `i3` varchar(45) DEFAULT NULL,
  `b4` varchar(45) DEFAULT NULL,
  `i4` varchar(45) DEFAULT NULL,
  `b5` varchar(45) DEFAULT NULL,
  `i5` varchar(45) DEFAULT NULL,
  `b6` varchar(45) DEFAULT NULL,
  `i6` varchar(45) DEFAULT NULL,
  `b7` varchar(45) DEFAULT NULL,
  `i7` varchar(45) DEFAULT NULL,
  `b8` varchar(45) DEFAULT NULL,
  `i8` varchar(45) DEFAULT NULL,
  `b9` varchar(45) DEFAULT NULL,
  `i9` varchar(45) DEFAULT NULL,
  `total` decimal(45,2) DEFAULT NULL
) ENGINE=InnoDB DEFAULT CHARSET=utf8;

--
-- Dumping data for table `tbl_top_finalist2`
--

INSERT INTO `tbl_top_finalist2` (`can_no`, `b1`, `i1`, `b2`, `i2`, `b3`, `i3`, `b4`, `i4`, `b5`, `i5`, `b6`, `i6`, `b7`, `i7`, `b8`, `i8`, `b9`, `i9`, `total`) VALUES
(9, '0.00', '0.00', '0.00', '0.00', '0.00', '0.00', '0.00', '0.00', '0.00', '0.00', '0.00', '0.00', '0.00', '0.00', '0.00', '0.00', '0.00', '0.00', '0.00');

-- --------------------------------------------------------

--
-- Table structure for table `tbl_top_ten_finalist`
--

CREATE TABLE `tbl_top_ten_finalist` (
  `can_no` int(11) NOT NULL,
  `b1` varchar(45) DEFAULT NULL,
  `i1` varchar(45) DEFAULT NULL,
  `b2` varchar(45) DEFAULT NULL,
  `i2` varchar(45) DEFAULT NULL,
  `b3` varchar(45) DEFAULT NULL,
  `i3` varchar(45) DEFAULT NULL,
  `b4` varchar(45) DEFAULT NULL,
  `i4` varchar(45) DEFAULT NULL,
  `b5` varchar(45) DEFAULT NULL,
  `i5` varchar(45) DEFAULT NULL,
  `b6` varchar(45) DEFAULT NULL,
  `i6` varchar(45) DEFAULT NULL,
  `b7` varchar(45) DEFAULT NULL,
  `i7` varchar(45) DEFAULT NULL,
  `b8` varchar(45) DEFAULT NULL,
  `i8` varchar(45) DEFAULT NULL,
  `b9` varchar(45) DEFAULT NULL,
  `i9` varchar(45) DEFAULT NULL,
  `total` decimal(45,2) DEFAULT NULL
) ENGINE=InnoDB DEFAULT CHARSET=utf8;

-- --------------------------------------------------------

--
-- Table structure for table `top5_container`
--

CREATE TABLE `top5_container` (
  `can_no` int(11) NOT NULL,
  `Total` double(11,2) NOT NULL,
  `Title` varchar(225) NOT NULL
) ENGINE=InnoDB DEFAULT CHARSET=latin1;

--
-- Dumping data for table `top5_container`
--

INSERT INTO `top5_container` (`can_no`, `Total`, `Title`) VALUES
(5, 79.57, 'Miss Tourism 2015'),
(8, 76.86, '2nd Runner up'),
(11, 76.57, '3rd Runner up'),
(13, 93.29, 'Miss Capas 2015'),
(16, 77.57, '1st Runner up');

--
-- Indexes for dumped tables
--

--
-- Indexes for table `pre_elimination`
--
ALTER TABLE `pre_elimination`
  ADD PRIMARY KEY (`id`);

--
-- Indexes for table `tbl_default_score`
--
ALTER TABLE `tbl_default_score`
  ADD PRIMARY KEY (`id`);

--
-- Indexes for table `tbl_elimination`
--
ALTER TABLE `tbl_elimination`
  ADD PRIMARY KEY (`can_no`);

--
-- Indexes for table `tbl_elimination2`
--
ALTER TABLE `tbl_elimination2`
  ADD PRIMARY KEY (`can_no`);

--
-- Indexes for table `tbl_events_status`
--
ALTER TABLE `tbl_events_status`
  ADD PRIMARY KEY (`eventNumber`);

--
-- Indexes for table `tbl_event_details`
--
ALTER TABLE `tbl_event_details`
  ADD PRIMARY KEY (`id`);

--
-- Indexes for table `tbl_fifth_event`
--
ALTER TABLE `tbl_fifth_event`
  ADD PRIMARY KEY (`can_no`);

--
-- Indexes for table `tbl_first_event`
--
ALTER TABLE `tbl_first_event`
  ADD PRIMARY KEY (`can_no`);

--
-- Indexes for table `tbl_first_event_girl`
--
ALTER TABLE `tbl_first_event_girl`
  ADD PRIMARY KEY (`can_no`);

--
-- Indexes for table `tbl_fourth_event`
--
ALTER TABLE `tbl_fourth_event`
  ADD PRIMARY KEY (`can_no`);

--
-- Indexes for table `tbl_judges_temp`
--
ALTER TABLE `tbl_judges_temp`
  ADD PRIMARY KEY (`jno`);

--
-- Indexes for table `tbl_load_number_of_judges`
--
ALTER TABLE `tbl_load_number_of_judges`
  ADD PRIMARY KEY (`id`);

--
-- Indexes for table `tbl_max_min_1`
--
ALTER TABLE `tbl_max_min_1`
  ADD PRIMARY KEY (`1`);

--
-- Indexes for table `tbl_max_min_2`
--
ALTER TABLE `tbl_max_min_2`
  ADD PRIMARY KEY (`2`);

--
-- Indexes for table `tbl_max_min_eight`
--
ALTER TABLE `tbl_max_min_eight`
  ADD PRIMARY KEY (`eight`);

--
-- Indexes for table `tbl_max_min_fifth`
--
ALTER TABLE `tbl_max_min_fifth`
  ADD PRIMARY KEY (`fifth`);

--
-- Indexes for table `tbl_max_min_first`
--
ALTER TABLE `tbl_max_min_first`
  ADD PRIMARY KEY (`1`);

--
-- Indexes for table `tbl_max_min_fourth`
--
ALTER TABLE `tbl_max_min_fourth`
  ADD PRIMARY KEY (`fourth`);

--
-- Indexes for table `tbl_max_min_second`
--
ALTER TABLE `tbl_max_min_second`
  ADD PRIMARY KEY (`second`);

--
-- Indexes for table `tbl_max_min_seventh`
--
ALTER TABLE `tbl_max_min_seventh`
  ADD PRIMARY KEY (`seventh`);

--
-- Indexes for table `tbl_max_min_sixth`
--
ALTER TABLE `tbl_max_min_sixth`
  ADD PRIMARY KEY (`sixth`);

--
-- Indexes for table `tbl_max_min_third`
--
ALTER TABLE `tbl_max_min_third`
  ADD PRIMARY KEY (`third`);

--
-- Indexes for table `tbl_number_of_candidates`
--
ALTER TABLE `tbl_number_of_candidates`
  ADD PRIMARY KEY (`id`);

--
-- Indexes for table `tbl_number_of_judges`
--
ALTER TABLE `tbl_number_of_judges`
  ADD PRIMARY KEY (`id`);

--
-- Indexes for table `tbl_second_event`
--
ALTER TABLE `tbl_second_event`
  ADD PRIMARY KEY (`can_no`);

--
-- Indexes for table `tbl_second_event_girl`
--
ALTER TABLE `tbl_second_event_girl`
  ADD PRIMARY KEY (`can_no`);

--
-- Indexes for table `tbl_sixth_event`
--
ALTER TABLE `tbl_sixth_event`
  ADD PRIMARY KEY (`can_no`);

--
-- Indexes for table `tbl_third_event`
--
ALTER TABLE `tbl_third_event`
  ADD PRIMARY KEY (`can_no`);

--
-- Indexes for table `tbl_third_event_girl`
--
ALTER TABLE `tbl_third_event_girl`
  ADD PRIMARY KEY (`can_no`);

--
-- Indexes for table `tbl_top_finalist`
--
ALTER TABLE `tbl_top_finalist`
  ADD PRIMARY KEY (`can_no`);

--
-- Indexes for table `tbl_top_finalist2`
--
ALTER TABLE `tbl_top_finalist2`
  ADD PRIMARY KEY (`can_no`);

--
-- Indexes for table `tbl_top_ten_finalist`
--
ALTER TABLE `tbl_top_ten_finalist`
  ADD PRIMARY KEY (`can_no`);

--
-- Indexes for table `top5_container`
--
ALTER TABLE `top5_container`
  ADD PRIMARY KEY (`can_no`),
  ADD UNIQUE KEY `can_no` (`can_no`);

--
-- AUTO_INCREMENT for dumped tables
--

--
-- AUTO_INCREMENT for table `pre_elimination`
--
ALTER TABLE `pre_elimination`
  MODIFY `id` int(11) NOT NULL AUTO_INCREMENT, AUTO_INCREMENT=97;

--
-- AUTO_INCREMENT for table `tbl_default_score`
--
ALTER TABLE `tbl_default_score`
  MODIFY `id` int(11) NOT NULL AUTO_INCREMENT, AUTO_INCREMENT=91;

--
-- AUTO_INCREMENT for table `tbl_event_details`
--
ALTER TABLE `tbl_event_details`
  MODIFY `id` int(11) NOT NULL AUTO_INCREMENT, AUTO_INCREMENT=5;

--
-- AUTO_INCREMENT for table `tbl_load_number_of_judges`
--
ALTER TABLE `tbl_load_number_of_judges`
  MODIFY `id` int(5) NOT NULL AUTO_INCREMENT, AUTO_INCREMENT=678;

--
-- AUTO_INCREMENT for table `tbl_number_of_candidates`
--
ALTER TABLE `tbl_number_of_candidates`
  MODIFY `id` int(11) NOT NULL AUTO_INCREMENT, AUTO_INCREMENT=2;

--
-- AUTO_INCREMENT for table `tbl_number_of_judges`
--
ALTER TABLE `tbl_number_of_judges`
  MODIFY `id` int(11) NOT NULL AUTO_INCREMENT, AUTO_INCREMENT=2;
COMMIT;

/*!40101 SET CHARACTER_SET_CLIENT=@OLD_CHARACTER_SET_CLIENT */;
/*!40101 SET CHARACTER_SET_RESULTS=@OLD_CHARACTER_SET_RESULTS */;
/*!40101 SET COLLATION_CONNECTION=@OLD_COLLATION_CONNECTION */;
